/* Legenda 

~ PRIMARY KEY = Chave primária;
~ NOT NULL = Não aceita entrada de valores nulos (branco);
~ AUTO_INCREMENT = Auto incrementa valores (inteiros);
~ UNIQUE = Valor único (Não aceita valores repetidos);

/* Cria base de dados */
CREATE DATABASE FIOTE_TEST_DB;

/* Sleciona a base para edições */ 
USE FIOTE_TEST_DB;

/* Cria tabela USERS */
CREATE TABLE USERS(
	ID INT(5) NOT NULL UNIQUE AUTO_INCREMENT,
	NOME VARCHAR(25) NOT NULL,
	SOBRENOME VARCHAR(120) NOT NULL,
	CPF VARCHAR(20) PRIMARY KEY NOT NULL,
	CELULAR VARCHAR(16) NOT NULL UNIQUE,
	NASCIMENTO DATE NOT NULL,
	LOGIN VARCHAR(75) NOT NULL UNIQUE,
	SENHA VARCHAR(16) NOT NULL,
	NIVEL INT (1), NOT NULL
);

/* Cria tabela de agendamento */
CREATE TABLE AGENDA(
	NOME VARCHAR(50) NOT NULL,
	SOBRENOME VARCHAR(120) NOT NULL,
	DIA DATE NOT NULL,
	HORA TIME UNIQUE NOT NULL,
	LOGIN VARCHAR(75) UNIQUE NOT NULL,
	CELULAR VARCHAR(16) UNIQUE NOT NULL
);

CREATE TABLE X(HORA TIME UNIQUE NOT NULL,
DISPONIBILIDADE TINYINT DEFAULT 1 NOT NULL,
NOME VARCHAR(25) NOT NULL);


/* Cria tabelas respectiva à JUNHO +insert valores (semanais/sábado) */

CREATE TABLE 1J(HORA TIME UNIQUE NOT NULL,
DISPONIBILIDADE TINYINT DEFAULT 1 NOT NULL,
NOME VARCHAR(25) NOT NULL);

CREATE TABLE 2J(HORA TIME UNIQUE NOT NULL,
DISPONIBILIDADE TINYINT DEFAULT 1 NOT NULL,
NOME VARCHAR(25) NOT NULL);

CREATE TABLE 3J(HORA TIME UNIQUE NOT NULL,
DISPONIBILIDADE TINYINT DEFAULT 1 NOT NULL,
NOME VARCHAR(25) NOT NULL);

CREATE TABLE 4J(HORA TIME UNIQUE NOT NULL,
DISPONIBILIDADE TINYINT DEFAULT 1 NOT NULL,
NOME VARCHAR(25) NOT NULL);

CREATE TABLE 5J(HORA TIME UNIQUE NOT NULL,
DISPONIBILIDADE TINYINT DEFAULT 1 NOT NULL,
NOME VARCHAR(25) NOT NULL);

CREATE TABLE 7J(HORA TIME UNIQUE NOT NULL,
DISPONIBILIDADE TINYINT DEFAULT 1 NOT NULL,
NOME VARCHAR(25) NOT NULL);

CREATE TABLE 8J(HORA TIME UNIQUE NOT NULL,
DISPONIBILIDADE TINYINT DEFAULT 1 NOT NULL,
NOME VARCHAR(25) NOT NULL);

CREATE TABLE 9J(HORA TIME UNIQUE NOT NULL,
DISPONIBILIDADE TINYINT DEFAULT 1 NOT NULL,
NOME VARCHAR(25) NOT NULL);

CREATE TABLE 10J(HORA TIME UNIQUE NOT NULL,
DISPONIBILIDADE TINYINT DEFAULT 1 NOT NULL,
NOME VARCHAR(25) NOT NULL);

CREATE TABLE 11J(HORA TIME UNIQUE NOT NULL,
DISPONIBILIDADE TINYINT DEFAULT 1 NOT NULL,
NOME VARCHAR(25) NOT NULL);

CREATE TABLE 12J(HORA TIME UNIQUE NOT NULL,
DISPONIBILIDADE TINYINT DEFAULT 1 NOT NULL,
NOME VARCHAR(25) NOT NULL);

CREATE TABLE 14J(HORA TIME UNIQUE NOT NULL,
DISPONIBILIDADE TINYINT DEFAULT 1 NOT NULL,
NOME VARCHAR(25) NOT NULL);

CREATE TABLE 15J(HORA TIME UNIQUE NOT NULL,
DISPONIBILIDADE TINYINT DEFAULT 1 NOT NULL,
NOME VARCHAR(25) NOT NULL);

CREATE TABLE 16J(HORA TIME UNIQUE NOT NULL,
DISPONIBILIDADE TINYINT DEFAULT 1 NOT NULL,
NOME VARCHAR(25) NOT NULL);

CREATE TABLE 17J(HORA TIME UNIQUE NOT NULL,
DISPONIBILIDADE TINYINT DEFAULT 1 NOT NULL,
NOME VARCHAR(25) NOT NULL);

CREATE TABLE 18J(HORA TIME UNIQUE NOT NULL,
DISPONIBILIDADE TINYINT DEFAULT 1 NOT NULL,
NOME VARCHAR(25) NOT NULL);

CREATE TABLE 19J(HORA TIME UNIQUE NOT NULL,
DISPONIBILIDADE TINYINT DEFAULT 1 NOT NULL,
NOME VARCHAR(25) NOT NULL);

CREATE TABLE 21J(HORA TIME UNIQUE NOT NULL,
DISPONIBILIDADE TINYINT DEFAULT 1 NOT NULL,
NOME VARCHAR(25) NOT NULL);

CREATE TABLE 22J(HORA TIME UNIQUE NOT NULL,
DISPONIBILIDADE TINYINT DEFAULT 1 NOT NULL,
NOME VARCHAR(25) NOT NULL);

CREATE TABLE 23J(HORA TIME UNIQUE NOT NULL,
DISPONIBILIDADE TINYINT DEFAULT 1 NOT NULL,
NOME VARCHAR(25) NOT NULL);

CREATE TABLE 24J(HORA TIME UNIQUE NOT NULL,
DISPONIBILIDADE TINYINT DEFAULT 1 NOT NULL,
NOME VARCHAR(25) NOT NULL);

CREATE TABLE 25J(HORA TIME UNIQUE NOT NULL,
DISPONIBILIDADE TINYINT DEFAULT 1 NOT NULL,
NOME VARCHAR(25) NOT NULL);

CREATE TABLE 26J(HORA TIME UNIQUE NOT NULL,
DISPONIBILIDADE TINYINT DEFAULT 1 NOT NULL,
NOME VARCHAR(25) NOT NULL);

CREATE TABLE 28J(HORA TIME UNIQUE NOT NULL,
DISPONIBILIDADE TINYINT DEFAULT 1 NOT NULL,
NOME VARCHAR(25) NOT NULL);

CREATE TABLE 29J(HORA TIME UNIQUE NOT NULL,
DISPONIBILIDADE TINYINT DEFAULT 1 NOT NULL,
NOME VARCHAR(25) NOT NULL);

CREATE TABLE 30J(HORA TIME UNIQUE NOT NULL,
DISPONIBILIDADE TINYINT DEFAULT 1 NOT NULL,
NOME VARCHAR(25) NOT NULL);

INSERT INTO 1J(HORA) VALUES('10:00:00'),('10:30:00'),('11:00:00'),('11:30:00'),('12:00:00'),('12:30:00'),('13:00:00'),('13:30:00'),('14:30:00'),('15:00:00'),('15:30:00'),('16:00:00'),('16:30:00'),('17:00:00'),('17:30:00'),('18:00:00'),('18:30:00'),('19:00:00'),('19:30:00');

INSERT INTO 2J(HORA) VALUES('10:00:00'),('10:30:00'),('11:00:00'),('11:30:00'),('12:00:00'),('12:30:00'),('13:00:00'),('13:30:00'),('14:30:00'),('15:00:00'),('15:30:00'),('16:00:00'),('16:30:00'),('17:00:00'),('17:30:00'),('18:00:00'),('18:30:00'),('19:00:00'),('19:30:00');

INSERT INTO 3J(HORA) VALUES('10:00:00'),('10:30:00'),('11:00:00'),('11:30:00'),('12:00:00'),('12:30:00'),('13:00:00'),('13:30:00'),('14:30:00'),('15:00:00'),('15:30:00'),('16:00:00'),('16:30:00'),('17:00:00'),('17:30:00'),('18:00:00'),('18:30:00'),('19:00:00'),('19:30:00');

INSERT INTO 4J(HORA) VALUES('10:00:00'),('10:30:00'),('11:00:00'),('11:30:00'),('12:00:00'),('12:30:00'),('13:00:00'),('13:30:00'),('14:30:00'),('15:00:00'),('15:30:00'),('16:00:00'),('16:30:00'),('17:00:00'),('17:30:00'),('18:00:00'),('18:30:00'),('19:00:00'),('19:30:00');

INSERT INTO 5J(HORA) VALUES('09:00:00'),('09:30:00'),('10:00:00'),('10:30:00'),('11:00:00'),('11:30:00'),('12:00:00'),('12:30:00'),('13:00:00'),('13:30:00'),('14:30:00'),('15:00:00'),('15:30:00'),('16:00:00'),('16:30:00'),('17:00:00'),('17:30:00'),('18:00:00'),('18:30:00'),('19:00:00'),('19:30:00'),('20:00:00'),('20:30:00');

INSERT INTO 7J(HORA) VALUES('10:00:00'),('10:30:00'),('11:00:00'),('11:30:00'),('12:00:00'),('12:30:00'),('13:00:00'),('13:30:00'),('14:30:00'),('15:00:00'),('15:30:00'),('16:00:00'),('16:30:00'),('17:00:00'),('17:30:00'),('18:00:00'),('18:30:00'),('19:00:00'),('19:30:00');

INSERT INTO 8J(HORA) VALUES('10:00:00'),('10:30:00'),('11:00:00'),('11:30:00'),('12:00:00'),('12:30:00'),('13:00:00'),('13:30:00'),('14:30:00'),('15:00:00'),('15:30:00'),('16:00:00'),('16:30:00'),('17:00:00'),('17:30:00'),('18:00:00'),('18:30:00'),('19:00:00'),('19:30:00');

INSERT INTO 9J(HORA) VALUES('10:00:00'),('10:30:00'),('11:00:00'),('11:30:00'),('12:00:00'),('12:30:00'),('13:00:00'),('13:30:00'),('14:30:00'),('15:00:00'),('15:30:00'),('16:00:00'),('16:30:00'),('17:00:00'),('17:30:00'),('18:00:00'),('18:30:00'),('19:00:00'),('19:30:00');

INSERT INTO 10J(HORA) VALUES('10:00:00'),('10:30:00'),('11:00:00'),('11:30:00'),('12:00:00'),('12:30:00'),('13:00:00'),('13:30:00'),('14:30:00'),('15:00:00'),('15:30:00'),('16:00:00'),('16:30:00'),('17:00:00'),('17:30:00'),('18:00:00'),('18:30:00'),('19:00:00'),('19:30:00');

INSERT INTO 11J(HORA) VALUES('10:00:00'),('10:30:00'),('11:00:00'),('11:30:00'),('12:00:00'),('12:30:00'),('13:00:00'),('13:30:00'),('14:30:00'),('15:00:00'),('15:30:00'),('16:00:00'),('16:30:00'),('17:00:00'),('17:30:00'),('18:00:00'),('18:30:00'),('19:00:00'),('19:30:00');

INSERT INTO 12J(HORA) VALUES('09:00:00'),('09:30:00'),('10:00:00'),('10:30:00'),('11:00:00'),('11:30:00'),('12:00:00'),('12:30:00'),('13:00:00'),('13:30:00'),('14:30:00'),('15:00:00'),('15:30:00'),('16:00:00'),('16:30:00'),('17:00:00'),('17:30:00'),('18:00:00'),('18:30:00'),('19:00:00'),('19:30:00'),('20:00:00'),('20:30:00');

INSERT INTO 14J(HORA) VALUES('10:00:00'),('10:30:00'),('11:00:00'),('11:30:00'),('12:00:00'),('12:30:00'),('13:00:00'),('13:30:00'),('14:30:00'),('15:00:00'),('15:30:00'),('16:00:00'),('16:30:00'),('17:00:00'),('17:30:00'),('18:00:00'),('18:30:00'),('19:00:00'),('19:30:00');

INSERT INTO 15J(HORA) VALUES('10:00:00'),('10:30:00'),('11:00:00'),('11:30:00'),('12:00:00'),('12:30:00'),('13:00:00'),('13:30:00'),('14:30:00'),('15:00:00'),('15:30:00'),('16:00:00'),('16:30:00'),('17:00:00'),('17:30:00'),('18:00:00'),('18:30:00'),('19:00:00'),('19:30:00');

INSERT INTO 16J(HORA) VALUES('10:00:00'),('10:30:00'),('11:00:00'),('11:30:00'),('12:00:00'),('12:30:00'),('13:00:00'),('13:30:00'),('14:30:00'),('15:00:00'),('15:30:00'),('16:00:00'),('16:30:00'),('17:00:00'),('17:30:00'),('18:00:00'),('18:30:00'),('19:00:00'),('19:30:00');

INSERT INTO 17J(HORA) VALUES('10:00:00'),('10:30:00'),('11:00:00'),('11:30:00'),('12:00:00'),('12:30:00'),('13:00:00'),('13:30:00'),('14:30:00'),('15:00:00'),('15:30:00'),('16:00:00'),('16:30:00'),('17:00:00'),('17:30:00'),('18:00:00'),('18:30:00'),('19:00:00'),('19:30:00');

INSERT INTO 18J(HORA) VALUES('10:00:00'),('10:30:00'),('11:00:00'),('11:30:00'),('12:00:00'),('12:30:00'),('13:00:00'),('13:30:00'),('14:30:00'),('15:00:00'),('15:30:00'),('16:00:00'),('16:30:00'),('17:00:00'),('17:30:00'),('18:00:00'),('18:30:00'),('19:00:00'),('19:30:00');

INSERT INTO 19J(HORA) VALUES('09:00:00'),('09:30:00'),('10:00:00'),('10:30:00'),('11:00:00'),('11:30:00'),('12:00:00'),('12:30:00'),('13:00:00'),('13:30:00'),('14:30:00'),('15:00:00'),('15:30:00'),('16:00:00'),('16:30:00'),('17:00:00'),('17:30:00'),('18:00:00'),('18:30:00'),('19:00:00'),('19:30:00'),('20:00:00'),('20:30:00');

INSERT INTO 21J(HORA) VALUES('10:00:00'),('10:30:00'),('11:00:00'),('11:30:00'),('12:00:00'),('12:30:00'),('13:00:00'),('13:30:00'),('14:30:00'),('15:00:00'),('15:30:00'),('16:00:00'),('16:30:00'),('17:00:00'),('17:30:00'),('18:00:00'),('18:30:00'),('19:00:00'),('19:30:00');

INSERT INTO 22J(HORA) VALUES('10:00:00'),('10:30:00'),('11:00:00'),('11:30:00'),('12:00:00'),('12:30:00'),('13:00:00'),('13:30:00'),('14:30:00'),('15:00:00'),('15:30:00'),('16:00:00'),('16:30:00'),('17:00:00'),('17:30:00'),('18:00:00'),('18:30:00'),('19:00:00'),('19:30:00');

INSERT INTO 23J(HORA) VALUES('10:00:00'),('10:30:00'),('11:00:00'),('11:30:00'),('12:00:00'),('12:30:00'),('13:00:00'),('13:30:00'),('14:30:00'),('15:00:00'),('15:30:00'),('16:00:00'),('16:30:00'),('17:00:00'),('17:30:00'),('18:00:00'),('18:30:00'),('19:00:00'),('19:30:00');

INSERT INTO 24J(HORA) VALUES('10:00:00'),('10:30:00'),('11:00:00'),('11:30:00'),('12:00:00'),('12:30:00'),('13:00:00'),('13:30:00'),('14:30:00'),('15:00:00'),('15:30:00'),('16:00:00'),('16:30:00'),('17:00:00'),('17:30:00'),('18:00:00'),('18:30:00'),('19:00:00'),('19:30:00');

INSERT INTO 25J(HORA) VALUES('10:00:00'),('10:30:00'),('11:00:00'),('11:30:00'),('12:00:00'),('12:30:00'),('13:00:00'),('13:30:00'),('14:30:00'),('15:00:00'),('15:30:00'),('16:00:00'),('16:30:00'),('17:00:00'),('17:30:00'),('18:00:00'),('18:30:00'),('19:00:00'),('19:30:00');

INSERT INTO 26J(HORA) VALUES('09:00:00'),('09:30:00'),('10:00:00'),('10:30:00'),('11:00:00'),('11:30:00'),('12:00:00'),('12:30:00'),('13:00:00'),('13:30:00'),('14:30:00'),('15:00:00'),('15:30:00'),('16:00:00'),('16:30:00'),('17:00:00'),('17:30:00'),('18:00:00'),('18:30:00'),('19:00:00'),('19:30:00'),('20:00:00'),('20:30:00');

INSERT INTO 27J(HORA) VALUES('10:00:00'),('10:30:00'),('11:00:00'),('11:30:00'),('12:00:00'),('12:30:00'),('13:00:00'),('13:30:00'),('14:30:00'),('15:00:00'),('15:30:00'),('16:00:00'),('16:30:00'),('17:00:00'),('17:30:00'),('18:00:00'),('18:30:00'),('19:00:00'),('19:30:00');

INSERT INTO 28J(HORA) VALUES('10:00:00'),('10:30:00'),('11:00:00'),('11:30:00'),('12:00:00'),('12:30:00'),('13:00:00'),('13:30:00'),('14:30:00'),('15:00:00'),('15:30:00'),('16:00:00'),('16:30:00'),('17:00:00'),('17:30:00'),('18:00:00'),('18:30:00'),('19:00:00'),('19:30:00');

INSERT INTO 29J(HORA) VALUES('10:00:00'),('10:30:00'),('11:00:00'),('11:30:00'),('12:00:00'),('12:30:00'),('13:00:00'),('13:30:00'),('14:30:00'),('15:00:00'),('15:30:00'),('16:00:00'),('16:30:00'),('17:00:00'),('17:30:00'),('18:00:00'),('18:30:00'),('19:00:00'),('19:30:00');

INSERT INTO 30J(HORA) VALUES('10:00:00'),('10:30:00'),('11:00:00'),('11:30:00'),('12:00:00'),('12:30:00'),('13:00:00'),('13:30:00'),('14:30:00'),('15:00:00'),('15:30:00'),('16:00:00'),('16:30:00'),('17:00:00'),('17:30:00'),('18:00:00'),('18:30:00'),('19:00:00'),('19:30:00');

/*~ Comando para liberar conexão ao MariaDB */
grant all privileges on *.* to 'root'@'%' identified by '%password%'